User ID,CATEGORIA APP
EA_marco.natali,Regular
EA_riccardo_potenza,Vegetarian/Vegan
EA_johanna.t,Vegetarian/Vegan
EA_ricardo.bento,Regular
EA_joanna.lada,Vegetarian/Vegan
EA_pit_utrecht,Vegetarian/Vegan
EA_toniatsif,Regular
EA_macarena,Regular
EA_heleen_bucher,Lactose free
EA_elia.maracani,Regular
EA_alekzandra6,Vegetarian/Vegan
EA_Daniela MÃ¥rd,Vegetarian/Vegan
EA_marciszek,Regular
EA_samantabaumane,Regular
EA_mebilot,Regular
EA_gszarvas27,Regular
EA_isihuck,Regular
EA_mario.cosic,Regular
EA_fabuo,Regular
EA_anastasia99,Regular
EA_matte_ingra,Regular
EA_the.barca,Regular
EA_julianlx,Regular
EA_dominixas,Regular
EA_ema.sibila,Regular
EA_milano95,No pork
EA_nensi.mkrtchian,Regular
EA_sara_tagliabracci,Regular
EA_isabella.kontschinsky,Regular
EA_patrick_p,Vegetarian/Vegan
EA_gmtavares,Vegetarian/Vegan
EA_lena_n,Regular
EA_sanadh79,Regular
EA_dimitris.kritsotakis,Regular
EA_gokayba,Regular
EA_christina.michael,Regular
EA_laurasophia.franke,Regular
EA_carlos_robledo,Regular
EA_Theodoros Markou,Regular
EA_nate_the_great,Regular
EA_hazalsude,Regular
EA_alessandro_stocco,Vegetarian/Vegan
EA_annabell,Regular
EA_emaromano2900,Regular
EA_siculella,Regular
EA_justin_racu,Regular
EA_delgiu,Regular
EA_giemme93,Regular
EA_jhony_hajj,Regular
EA_andreia_ivan,Regular
EA_diana.mew12,Vegetarian/Vegan
EA_giuliana.paes,No fish
EA_nelikalinova,Regular
EA_celineguerin,Regular
EA_tiagomnunes351,Regular
EA_uznemira,Regular
EA_skalskapati,Regular
EA_oriana2911,Regular
EA_trassa,Regular
EA_gabrielswim,Lactose free
EA_sabri_ben_rommane93,Vegetarian/Vegan
CO_2964d3cb-f0d0-4537-a7b7-1b8f391b536a,Regular
EA_mariauritu,Regular
EA_lina.moho,Vegetarian/Vegan
EA_kajakaczkiello,Vegetarian/Vegan
EA_Darwyn.,Regular
EA_anaritadias9612@gmail.com,Regular
EA_rvinha14,Regular
EA_penible,Regular
EA_elherm,No fish
EA_enalesandric,Regular
EA_tellokinard,Regular
EA_lidgoval,Regular
EA_yanadobretsova,Regular
EA_myrdipa,Regular
EA_achi_mo,Regular
EA_kallirroischina,Regular
EA_malwina,Vegetarian/Vegan
EA_ozgekurtulus,Regular
EA_m0rt0n90,Regular
EA_vatsaloo7,No pork
EA_yusuf.bayraktar,Regular
EA_baptiste565,Regular
EA_diane_d,Regular
EA_mdiola,Vegetarian/Vegan
EA_eduardo,Regular
EA_flg.19,Regular
EA_vlahar,Regular
EA_hory,No fish
EA_alessandrosanse,Regular
EA_caitlincurrie,Regular
EA_aliesnuniturku,Regular
EA_efeberke,Regular
EA_killian,Vegetarian/Vegan
EA_cyril22,Regular
EA_kareem_abuzaid2002,Regular
EA_dr_conejo,Regular
EA_amiowa,No pork
EA_andria,Vegetarian/Vegan
EA_lauragalic03,Regular
EA_chiara27.07,Regular
EA_alborrex,Regular
EA_jose.cotrim,Regular
EA_marie-madeleine,No fish
EA_veonic,Vegetarian/Vegan
EA_moussaab,Vegetarian/Vegan
EA_audrey.fraslin,Regular
EA_antunz,Regular
EA_maissa,No pork
EA_isabfrancis,Regular
EA_lorenza_barracca,Vegetarian/Vegan
EA_kingabanyi,Regular
EA_annaz00,Vegetarian/Vegan
EA_magnuss,Regular
EA_stef_strain,Regular
EA_tharanika_m,Regular
EA_pr.saa,Regular
EA_lucacrocetti,Regular
EA_elisa_marref,Regular
EA_doncess,Regular
EA_raquelferreira,Lactose free
EA_emmadarcy19,Regular
EA_amygreer,Vegetarian/Vegan
EA_dora_tlo,Regular
EA_parmeen,Regular
EA_tjornd,Regular
EA_president_lejas_secret_army,Vegetarian/Vegan
EA_desimonielisa,Regular
EA_caitlynela,Regular
EA_haneen_abualhayjaa,No fish
EA_sevvalenustekin,Lactose free
EA_alzbeta,Regular
EA_bardey,Regular
EA_pedromldalmeida,Regular
EA_jonas289,Regular
EA_styliani.n,No mushrooms
EA_francesca.linardi,Regular
EA_konstantinak,Regular
EA_patricia_ribeiro,Regular
EA_sara_mih,Lactose free
EA_rica_2705,Regular
EA_zaneta.f,Vegetarian/Vegan
EA_cristinaperian,Regular
EA_hennuli,Special
EA_kurtulusbulus,Regular
EA_maria.palade,Regular
EA_bella_xox,Regular
EA_radostingarelov,Regular
EA_kirilterziyski,Lactose free
EA_anika_bansal,Lactose free
EA_frawat,Regular
EA_amirhayat6898,Vegetarian/Vegan
EA_cveselinov,Regular
EA_auroralarussa,Regular
EA_noahno,Vegetarian/Vegan
EA_kaaajaaa,Regular
EA_efeaktas,Regular
EA_NAIT Ouajbir,No pork
EA_dani128,Regular
EA_merrveceylan,No pork
EA_chrisdbc,Vegetarian/Vegan
EA_etienne19,Regular
EA_remi_vigneau,Regular
EA_nicolettagulino,Gluten free
EA_treasuregbg.2024,Regular
EA_lusneak,Regular
EA_sarahriyad,No pork
EA_claramr,Vegetarian/Vegan
EA_bilgee,Regular
EA_evelyn.swietek,Regular
EA_nikasgone,Special
EA_pabloupm,Regular
EA_naomipapp,No pork
EA_paulaavotina,Vegetarian/Vegan
EA_belen.rossi,Lactose free
EA_elenafaria,Regular
EA_saphide,Vegetarian/Vegan
EA_lucie.cnts,Regular
EA_chantalruggiero,Regular
EA_martabracka,Regular
EA_lejyte,Regular
EA_sohithvishnu,Vegetarian/Vegan
EA_giuliacastagn,Vegetarian/Vegan
EA_ozantiryaki,Regular
EA_choi1803,Vegetarian/Vegan
EA_antoinette,Regular
EA_josebenny,Regular
EA_stamatis_loukas,Regular
EA_carmeliius,Gluten free & Lactose free + Vegetarian
EA_vica_senkar,Regular
EA_alicebertuccioli,Vegetarian/Vegan
EA_gwenaelle-r,Regular
EA_anastasia_ch,Regular
EA_charlotte_moeller,Regular
EA_lavanya,Regular
EA_pavlospapanestis,Regular
EA_zeynepbas7,Vegetarian/Vegan
EA_radoslawlutecki,Regular
EA_juusokallio,Regular
EA_hanna.johanson,Regular
EA_arineo,No pork
EA_miroslav.hajek,Regular
EA_orla.k,Regular
EA_rijnberg98,Regular
EA_chiari,Regular
EA_raddy,Special
EA_hannes.walkerling,Regular
EA_cmetalouli,Regular
EA_ibrahimyilmaz,Regular
EA_leonieleuenberger,Vegetarian/Vegan
EA_gurokvilten,Regular
EA_sabin_iacob,Regular
EA_m.jak.morele,Regular
EA_anacallejar,Regular
EA_maiaj,Lactose free
EA_emmabourgogne,Regular
EA_anthonyvnsten,Regular
EA_sof_giann,Regular
EA_matilde_antunes,Vegetarian/Vegan
EA_selina_z,Vegetarian/Vegan
EA_charlotte.h,Regular
EA_kkhrais,Regular
EA_emiliazubek,Regular
EA_orlamccallion22,Regular
EA_yvonne,Vegetarian/Vegan
EA_gabi.ilieva,Regular
EA_aga_szyszka,Regular
EA_barbora_hrickova,Regular
EA_vholoimov,Vegetarian/Vegan
EA_agatazorawska,Vegetarian/Vegan
EA_veronikasklenarova,Regular
EA_andriana.onisiforou,Regular
EA_adamya,Vegetarian/Vegan
EA_tnm,Regular
EA_carcamoove,Regular
EA_takoabakelia,Regular
EA_lilaki,Special
EA_idrissmahgoun,No pork
EA_mateocoll,Regular
EA_adelina.gavrila,Regular
EA_fuad1000,Regular
EA_ksavas,Regular
EA_dyg006,Regular
EA_jonliso,Regular
EA_anitif,No mushrooms
EA_sarinapfister,Regular
EA_sarafairchild,Regular
EA_laszlo2310,Regular
EA_barteklacki16,Regular
EA_francesko_karpenowski,Regular
EA_sashaleonovych,Regular
EA_bralef,Regular
EA_enis002,Lactose free
EA_bartosz_douglas,Regular
EA_anamorgado,Regular
EA_kasiaz,Regular
EA_belen_bermejo,Regular
EA_thibault1508,Regular
EA_kasia.modrzynska,Lactose free
EA_lucka12,Lactose free
EA_annamariak,No fish
EA_stjobi_aron,Regular
EA_adamkesanai,Regular
EA_liviastein,Vegetarian/Vegan
EA_dejv111998,Regular
EA_javafo,Regular
EA_r.leyla,No pork
EA_martagrabar98,Regular
EA_quentin.ve,Regular
EA_alaznemartinez,Regular
EA_annakowalczyk,Regular
EA_lara_paolini,Regular
EA_sar_meu,Regular
EA_revolution,Regular
EA_nikijasko,Special
EA_victor_esn,Regular
EA_onursenturk,Regular
EA_annaromaniuk86,Vegetarian/Vegan
EA_aliceharrison,Regular
EA_puru,Regular
EA_alessandro.grisogoni,Regular
EA_davidemiodini,Regular
EA_hannah_ka_ha,Regular
EA_tamereren01,Regular
EA_zuzanna,Regular
EA_irisbasaran,Regular
EA_cwitteler,Regular
EA_qenjan,Regular
EA_gielmeijer,Regular
EA_saramamic,Regular
EA_nour.touiti,Vegetarian/Vegan
EA_cristina_tiberi,Vegetarian/Vegan
EA_lorenagrabovacc,Regular
EA_xanthi,Regular
EA_dani_bozz,Regular
EA_nikol.stofikova,No fish
EA_toth_lili,Regular
EA_04annageorge,Regular
EA_lalsugokdam,Regular
EA_clara.darchand,Regular
EA_rebecca.scheer,Vegetarian/Vegan
EA_lukebark,Vegetarian/Vegan
EA_julianv,Regular
EA_jack.krueger,Regular
EA_linnea.kzr,Vegetarian/Vegan
EA_meibhd,No fish
EA_lolapg,Regular
EA_elisabettagibaldi,Regular
EA_vgarancini,Regular
EA_iarrroslava,Regular
EA_dirk_brueggemann,Regular
EA_laura.huebner,Regular
EA_dannycaro,Regular
EA_rcmd,Regular
EA_gerapo,Regular
EA_clarafernandez,Vegetarian/Vegan
EA_martina.marino,Regular
EA_debargha,Regular
EA_filipecerqueira,Regular
EA_erzaskill,Regular
EA_julia0308,Regular
EA_elisabethd,Regular
EA_tsompanikate,Vegetarian/Vegan
EA_helenise,Vegetarian/Vegan
EA_teodoratoana,Vegetarian/Vegan
EA_canselgny,Regular
EA_inesf00,Regular
EA_carl_reyes,Regular
EA_orhanrasim.sener,Regular
EA_isabelsm_f,Vegetarian/Vegan
EA_ivanreshettsov,Regular
EA_felipemiquelanti,Regular
EA_dawid.podurgiel,Regular
EA_lukesky,Regular
EA_esn_nijmegen,Vegetarian/Vegan
EA_elpida,Regular
EA_nickoleta_tsikrika,Regular
EA_elifsenagunay,No pork
EA_denielius,Regular
EA_thibaut_a,Regular
EA_terka_otaku,Regular
EA_stefandimi,Regular
EA_begum.yedikardesler,Regular
EA_alexandros.charitos,Regular
EA_ellierblack,Regular
EA_juliatrzaska,Regular
EA_vickysobrino,Regular
EA_satilda.shehaj,No fish
EA_monica.mura,Regular
EA_idilk,Regular
EA_arnaudbuthey,Regular
EA_boboc,Regular
EA_miguelfranganito,Regular
EA_raisa.soghomonyan,Regular
EA_ixan02,No pork (and fish)
EA_ahmed.ahassanin,Regular
EA_kajgal,Vegetarian/Vegan
EA_iregar11,Regular
EA_marius_mgu,Regular
EA_carla_2410,Gluten free & Lactose free
EA_onurozis,Regular
EA_ceydamucann,Regular
EA_vittorio,Regular
EA_yas123,Vegetarian/Vegan
EA_chiara_rai,No fish
EA_evelina_sollazzo,Regular
EA_adelemch04,Vegetarian/Vegan
EA_magdalena.jolic,Regular
EA_kim.n,Vegetarian/Vegan
EA_pieterjan.roggeman,Regular
EA_erwangrams,Regular
EA_betul.kurban,No pork
EA_rabilipisko,Regular
EA_gokcenpehlivanoglu,Regular
EA_kitana,Gluten free
EA_lilsargsyan,Regular
EA_azizba,Regular
EA_mikkamakka,Regular
EA_ignacio.varona,Regular
EA_ema.kuku,Regular
EA_lauren.elliis,Regular
EA_tjebeats,Regular
EA_catarinammf,Regular
EA_michahro,Regular
EA_fabrizio93,Regular
EA_elena.cleopa,Lactose free
EA_mirzasamet,Regular
EA_gabrieleruggiero,Vegetarian/Vegan
EA_majagozdowska,Regular
EA_amaan_11,Regular
EA_chrysameta,Vegetarian/Vegan
EA_b1askovam,No fish (and mushrooms)
EA_cristinaknetter,Regular
EA_sliwowskawiktoria,Vegetarian/Vegan
EA_leenmedraj,Regular
EA_goncalo_gui_sousa,Regular
EA_karolina_golos,Regular
EA_tiphainel,Special
EA_murrielz,Regular
EA_trampotalukas,Regular
EA_themischr97,Regular
EA_josephine,Vegetarian/Vegan
EA_justinevitola,Regular
EA_emmemme,Regular
EA_carolina_antunes17,Regular
EA_nicholas_domeneghini,Regular
EA_augustintinon,Regular
EA_tminja,Regular
EA_lenapape,Vegetarian/Vegan
EA_pasztokata,Regular
EA_alpha_kalo,Regular
EA_jessyronse,Regular
EA_claudiim,Regular
EA_caitlinmcgonagle,Vegetarian/Vegan
EA_pizzaforpresident,Vegetarian/Vegan
EA_gkaragiannidis,Regular
EA_marianapcosta,Regular
EA_emma.ruggieri,Regular
EA_jesshelleyx,Vegetarian/Vegan
EA_ayoub.outmani,Regular
EA_saurabhnair,Vegetarian/Vegan
EA_Milan,Regular
EA_julija_v,Regular
EA_aurelia.bausch,Vegetarian/Vegan
EA_debbie,Regular
EA_anoushkaanand,No beef
EA_yunusemrearslan,No pork
EA_barisel,No pork (and fish)
EA_danieladravecka,Lactose free
EA_tiffanyvdw,Regular
EA_amalie_due_esnaarhus,Regular
EA_stamb009,Regular
EA_nstasiowska,Regular
EA_somi,Vegetarian/Vegan
EA_joseporto,Regular
EA_elena.aja,Regular
EA_alexrdla,Regular
EA_noahcharpy,Regular
EA_fgeistert,Regular
EA_joseyangma,Regular
EA_radovankopal,Regular
EA_khursdmy,Regular
EA_evemcmullan11,Regular
EA_reetahytonen,Lactose free
EA_tashkova.n,Regular
EA_cucu,Regular
EA_anastasiadonatelli,Regular
EA_wilhayes,Regular
EA_sashacobalt,Regular
EA_martin.peev,Regular
EA_marco.mossomandi,Regular
EA_eduardoesndelft,Regular
EA_e.jollivet,Regular
EA_lear,No fish
EA_laramavric,Regular
EA_sadurni,Regular
EA_andreialex299,Regular
EA_charlotteperez,Regular
EA_evall,Regular
EA_till_r,Regular
EA_alketa,No pork
EA_zsofia_samu,Regular
EA_gael_didier,Regular
EA_hannahbeisel,Vegetarian/Vegan
EA_chandreyee_3,Regular
EA_carinc,Regular
EA_azra,Regular
EA_martapienkowska,Regular
EA_ghassan.alajlouni,No pork
EA_zuziaa1520,Regular
EA_thomaschandriotis,Regular
EA_danyloi,Regular
EA_an.zuz,Regular
EA_elia.b,Regular
EA_patricija.rescenko,Regular
EA_rino_husqvarna,Regular
EA_khaled_alorabi,No pork
EA_malou_p,Regular
EA_claudiu.stefan,Regular
EA_papa_katerina,Special
EA_honour,Regular
EA_giuu_demartin,Regular
EA_kralovakika,Regular
EA_aytaj,Regular
EA_filipasilva,Regular
EA_oldriska,Regular
EA_veronikaplchova,Vegetarian/Vegan
EA_simone_ingrassia,Regular
EA_andreya_roxy,Regular
EA_b.gourinova,Regular
EA_eleftheria_tsaknaki,No mushrooms
EA_lars,Regular
EA_oscartieto,Regular
EA_andresiso,Regular
EA_alessia_mesa,Regular
EA_kiniafija,Regular
EA_pablo.mv,Regular
EA_pavlo.gara,Regular
EA_simoneba29,Regular
EA_omarselim-taltech,Regular
EA_flubben,Regular
EA_tessals2913,Regular
EA_eva.sajko13,Regular
EA_4bdulrahman,No pork
EA_weitoomuch,Regular
EA_matteo_tomato1,Regular
EA_president_twente,Regular
EA_marie_gvl,Regular
EA_jagoda,Vegetarian/Vegan
EA_jbrylewska,Vegetarian/Vegan
EA_ranaselinay,No pork
EA_piairmer,Regular
EA_aris.stm,Regular
EA_nandi426,Regular
EA_tvipavin,Regular
EA_davide_mecugni,Regular
EA_mewy,Vegetarian/Vegan
EA_hannah.brunner,Lactose free
EA_jmillman,Regular
EA_esmekhrc,Regular
EA_kateklepi,Regular
EA_miraszcebu,Regular
EA_anneline.vandeput,Regular
EA_sofiia,Regular
EA_julewonn,Vegetarian/Vegan
EA_gazishafayet,Regular
EA_d.roriz,Regular
EA_fatihytu,Regular
EA_paulina.kubinova,Regular
EA_annarzepnicka1,Vegetarian/Vegan
EA_ivy.slov,Regular
EA_ivana.ad,Vegetarian/Vegan
EA_ivan.markov,Regular
EA_evka.lehocka,Regular
EA_alberta.ambrogi,Vegetarian/Vegan
EA_bilge_celebi,Regular
EA_elliwinetsdorfer,Vegetarian/Vegan
EA_hanna.hirschbok,Vegetarian/Vegan
EA_elrafita,Regular
EA_szymonpiesniak,Regular
EA_fannituom,Vegetarian/Vegan
EA_antonio.marchionna,Regular
EA_patatino,Regular
EA_guiguijam,Regular
EA_alessio.cicero,Regular
EA_rashi.tiwari,Vegetarian/Vegan
EA_chenlu,Regular
EA_mariami_k,Regular
EA_anastasiavintila,Regular
EA_armelle_briet,Regular
EA_wiktoriazygmunt08,Regular
EA_maneyo,Regular
EA_nicoleadamcikova,Regular
EA_aminanan._.a,No fish
EA_rolando.daloisio,Regular
EA_majka,Regular
EA_ola.het,Vegetarian/Vegan
EA_roxanamacovei,Regular
EA_tia.lia.ciocarlia,Regular
EA_Kiki Drakaki,Regular
EA_katharinaaaaa,Vegetarian/Vegan
EA_kse,Vegetarian/Vegan
EA_izaleik,Vegetarian/Vegan
EA_flavien_martinot,Regular
EA_lukageenens,Regular
EA_anastasiaavrami,Vegetarian/Vegan
EA_valgpl,Regular
EA_gosia_juszczak,Regular
EA_mihnoscka,Regular
EA_mariifini,Gluten free
EA_karyaerkan,No pork
EA_enzo.mcy,Regular
EA_bosch,Regular
EA_tuuli,Regular
EA_judewaites,Regular
EA_iuli,Regular
EA_liamstruyfs,Regular
EA_nicozatti,Regular
EA_charli.middleton,Regular
EA_cn,Regular
EA_irmax121,Regular
EA_alexandre-le-grand,No pork
EA_opetit,Vegetarian/Vegan
EA_elenamich8,Regular
EA_fbalazs,Regular
EA_maxchmp,Regular
EA_francescaroberts,Vegetarian/Vegan
EA_marcos.martinez,Regular
EA_sabisediva,Special
EA_yvetteluna,Vegetarian/Vegan
EA_wtvimrena,Regular
EA_gabitorresa,Regular
EA_auroragalli,Vegetarian/Vegan
EA_anca_sorana,Regular
EA_klaudiamekysova,Regular
EA_mshtregarska,Special
EA_laurakojd,Regular
EA_kszi,Regular
CO_33e5c7c8-985b-41cf-8494-db68f74ca4bf,Vegetarian/Vegan
EA_suruchithakur,Vegetarian/Vegan
EA_r321,Regular
EA_mercerstas,Lactose free
EA_zoebrinkert,Gluten free & Lactose free
EA_siman.khayre,Regular
EA_tahiry,Regular
EA_maxou,Regular
EA_kosticd,Regular
EA_francesco92,Regular
EA_lore_b,Regular
EA_dominika.przybylek,Vegetarian/Vegan
EA_luiza_mkz,No fish
EA_lanajaksic,Regular
EA_sevo.vtnsvr,Regular
EA_eben,Regular
EA_elena.delahaye,Regular
EA_tiago__machado,Regular
EA_sophie_b2806,Regular
EA_sofia3barros,Regular
EA_lukaszgieracki,Regular
EA_ecemertac,Regular
EA_world-class-attila,No mushrooms
EA_axel.poidevin,Regular
EA_efscicek,No pork
EA_haroun12,Regular
EA_klmr_csilla,Vegetarian/Vegan
EA_sianec00,Vegetarian/Vegan
EA_annickm16,Regular
EA_andreas_michalas,Regular
EA_opowiadanica,Regular
CO_488fa79c-c386-4cf6-a5c2-199bdac72fde,Regular
EA_direttore.esnitalia,Vegetarian/Vegan
EA_mariana.melo,Regular
EA_mmagic,No fish
EA_denizz212,No pork
EA_iza.zygadlo,Regular
EA_ivanzzyy,Regular
EA_sebastian_0507,Regular
EA_fhsynva,No pork
EA_marialibero97,Regular
EA_kriskay,Regular
EA_szepesandras,Gluten free
EA_nibafek,Regular
EA_killian_stvns,Regular
EA_geova,Regular
EA_manuel_silva,Regular
EA_yordanotev,Regular
EA_jasper.vanhoutte,Regular
EA_emilija.toth,Regular
EA_kat_ari_na,No mushrooms
EA_ssaida,Regular
EA_youssefhazem,No pork
EA_mandorla,Vegetarian/Vegan
EA_joaofernandesn,Regular
EA_Ateesha,Vegetarian/Vegan
EA_zoisofia,Regular
EA_teresalgarra,Regular
CO_2e90fa30-8ecf-4e76-8c1a-72c3bd9f63b3,Regular
EA_patriciab,Special Olive
EA_olpac,Vegetarian/Vegan
EA_samuelabruno,Regular
EA_ulianapasternak,Regular
EA_guille_fm,Regular
EA_gaborod16,Lactose free
EA_marcomotti,Regular
EA_lindaragause,Special
EA_rosaria00,Regular
EA_serdarcans,Regular
EA_ella_mah,Regular
EA_the_quip,Regular
EA_mert.devrim,Regular
EA_stelakas,Vegetarian/Vegan
EA_aritamp,Regular
EA_wiktoria.wolak,No fish
EA_aureliest,Vegetarian/Vegan
EA_prathammahla,Regular
EA_kypros.katsiamis,Special
EA_aishu97,No beef
EA_hamza.humayun,Vegetarian/Vegan
EA_sissiciocia,Lactose free
EA_glos.gabriela,Regular
EA_liisitee,Special
EA_sancara,Regular
EA_ketman,Regular
EA_agnes.sarkozi,Regular
EA_lorechavez,Regular
EA_swatson101,Regular
EA_davidruder,Regular
EA_stefybodorova,Vegetarian/Vegan
EA_donifc,Regular
EA_arpine97,Regular
EA_kibo,Regular
EA_kamila.m,Regular
EA_isa1196,Gluten free
EA_julieezim,Regular
EA_georgenc,Regular
EA_yyywing,Vegetarian/Vegan
EA_kedvessynori,Lactose free
EA_ankevanbylen,Regular
EA_jhsz_rk,Regular
EA_philipp_esnberlin,Vegetarian/Vegan
EA_susanna_pittarello,Regular
EA_sfigaman,Regular
EA_sofiasantos,Lactose free
EA_ameltis,Regular
EA_saradocampo,Regular
EA_myriammarco,Regular
EA_hansmarov,Regular
EA_elenak,Vegetarian/Vegan
EA_sliaco,No fish
EA_manummb99,Lactose free
EA_francesca.selvi,Vegetarian/Vegan
EA_saichandrresh,Regular
EA_mane_tsaturyan,Regular
EA_sarahj,Vegetarian/Vegan
EA_omercavusoglu,Regular
EA_andrea.urquijo.5,Regular
EA_annahaga,Regular
EA_letimary,Regular
EA_gersavvas,Regular
EA_mfer0010,No fish
EA_stjepanovic2010,Regular
EA_hamzehalkhateeb,Vegetarian/Vegan
EA_lubosdubovecky,Regular
EA_gergana-atanasova,Regular
EA_marabp12,Regular
EA_dominika.zukowska,Regular
EA_andreasl_2022,Regular
EA_vanylligchillig,Regular
EA_ludoman,Regular
EA_peach,Regular
EA_filippoboni1921,Regular
EA_arnulfoaramis,Regular
EA_rachelemazzini,Regular
EA_marius,Lactose free
EA_luizasargsyan,Regular
EA_maxi.imilian,Vegetarian/Vegan
EA_narek03,Regular
EA_ahmadjamlo97,No pork
EA_derinozbostanci,Regular
EA_jadecheminant,Gluten free & Lactose free
EA_mafalda.oliiveira,Regular
EA_nikolettakop,Regular
EA_artem,Regular
EA_celine-tiefenbacher,Regular
EA_julyro,Vegetarian/Vegan
EA_febe,Lactose free
EA_dusan10,Regular
EA_dariusel,Special
EA_t1b00,Regular
EA_viky,Regular
EA_ichbindie_iris,Regular
EA_gabri_cesali,Regular
EA_roberta.sandri,Vegetarian/Vegan
EA_astridry,Regular
EA_lu2220,Regular
EA_blaithinbreathnach,Vegetarian/Vegan
EA_bizbeki1998,Regular
EA_stellacoutts2003,Regular
EA_mir_su,Regular
EA_annaszedlacsek,Regular
EA_ollilolli,Regular
EA_sonrisanocturna,Regular
EA_sarinhamagi,Regular
EA_onejon,Lactose free
EA_pkamoutsis,Regular
EA_tomas_sena,Regular
EA_adrianacenusa27,Regular
EA_prop.aga.nda,Regular
EA_muliniavento,Regular
EA_das.ist.felipe,Lactose free
EA_antoninlacaille,Regular
EA_merybarrioo,Regular
EA_ilaria.cianciarulo,Regular
EA_andikovacs,Regular
EA_artsi,Regular
EA_agrippine,Regular
EA_g.atanasova,Regular
EA_nenchen,Regular
EA_elise_hoofteer,Vegetarian/Vegan
EA_zegarac_ivan,Regular
EA_mraimondi,Regular
EA_ubaublyte,Regular
EA_mnlopez,Regular
EA_akrimika.gabbie,Vegetarian/Vegan
EA_misiogenna,Regular
EA_kittymabel,Lactose free
EA_marius_ccc,Special
EA_franck,Regular
EA_toniscatarino,No pork
EA_uselimenes,Regular
EA_javier.gil,Regular
EA_gracie_allen,Regular
EA_vitorbizarro,Regular
EA_renatkaaaksiazek,Regular
EA_esn_epf,Regular
EA_sofiaqalves,Vegetarian/Vegan
EA_kornelcia,Regular
EA_manish_3,Regular
EA_rbourgerie,Regular
EA_loredanabellizzi,Regular
EA_sotiriszeniou,Regular
EA_yarennatayy,No pork
EA_evelyn149,Regular
EA_rajas,Regular
EA_lazaros_ioak,Regular
EA_gabrielius,Regular
EA_lucyy,Regular
EA_richardruijgrok,Regular
EA_rcfelicia,Regular
EA_claudiarmarques,Regular
EA_christosvazouras,Regular
EA_nikol_karaivanova,Regular
EA_kimmy,Regular
EA_matiq,Regular
EA_antdan,Regular
EA_jaaperdb,Regular
EA_dajumaju,Vegetarian/Vegan
EA_domenval,Regular
EA_annaper,Regular
EA_kubawagneresn,Regular
EA_dimanache,Regular
EA_eddalfaro,Regular
EA_pierluigic,Vegetarian/Vegan
EA_robin_gerstmann,Regular
EA_belescjim,Gluten free
EA_pliota01,Regular
EA_laurine.camille,Regular
EA_fien,Special
EA_catherinefincher,No fish
EA_brunomachado,Regular
EA_hammad.malik,Vegetarian/Vegan
EA_isi_3,Regular
EA_amandab01,No pork
EA_meb,Special
EA_likou,Regular
EA_csmusgrove,Regular
EA_tereza.otcova,No fish
EA_svenja.nmn,Regular
EA_adwi,No fish
EA_vasu,Vegetarian/Vegan
EA_feyaslagman,Regular
EA_damlaa,Regular
EA_mariecvn,Vegetarian/Vegan
EA_danielsgranja,Regular
EA_patrikkrattinger,Lactose free
EA_torry,Lactose free
EA_domi.schlund,Regular
EA_louise.esncph,Vegetarian/Vegan
EA_louise0709,Regular
EA_barbu,No fish
EA_franzizinke,Regular
EA_louis_m,Regular
EA_ylzhou,No fish
CO_5ef05545-88c6-4585-9889-e3932c166d27,Regular
EA_ana_cardoso_soares,Vegetarian/Vegan
EA_george.eleu,Regular
EA_florianhm,Regular
CO_017defd2-7c86-4fcb-a6b6-4791db878a4f,No fish
CO_05cf81f8-a1a3-4520-a74d-514263698e05,Vegetarian/Vegan
CO_0a66f24d-585f-4751-97cb-cf3e465d05df,Regular
CO_0af0af21-daca-4147-bde0-769b9685a740,Regular
CO_0ce5c1c6-4115-4310-b2c8-b775e479a64c,Regular
CO_0df25600-69a4-4aa2-883a-c331ecae6d19,Regular
CO_0eb9dc65-72be-47a0-8407-f81465d6514f,Regular
CO_135c61b7-8475-4471-9e43-88d2ad514ab7,Regular
CO_190d60e4-6a31-45ae-a50c-e5d15fce1d74,Regular
CO_193ca590-eabf-409b-8d69-d1e70ab1ccf1,Gluten free
CO_1a189bfc-52bc-4747-8bc3-0c54d7adbe28,Regular
CO_1add5dbb-f967-42a9-aab6-861b513b42b9,Gluten free
CO_1bed8e62-ac54-45d1-ad02-b4a678331710,Regular
CO_1e2d7afb-f5e6-4a57-8380-6c7c98140e3a,Regular
CO_205e0e10-3483-4275-b290-43ea41dcd774,Regular
CO_235dd010-a59d-4b08-a499-c6388d079daf,Regular
CO_237e08bb-0fce-4fdc-baae-74d8bda776b5,Regular
CO_23e8a394-7268-48e4-9d3b-30d4394942de,Regular
CO_24d5120d-0412-4498-81ca-3481414673ad,Regular
CO_24d6a22d-bf2e-491c-825f-537d3af9c8c5,No pork
CO_24fc7d49-5845-44be-a32a-b34364532ea0,Regular
CO_27a64d91-e97d-4d79-9028-641ba7466a2e,No pork
CO_27b63740-a950-4af8-81e6-6fbda9455a86,Regular
CO_2dc2d433-0ebe-4781-a725-04528c8affd5,Regular
CO_32c0258a-e766-48da-9c0f-53301ea8a8f9,Regular
CO_334aaa59-f8c6-482f-b9c2-4858ed098581,Vegetarian/Vegan
CO_336ec03c-7318-44d6-9233-42214e6bb8cb,Regular
CO_339120c7-79b2-4cef-bdd3-ec67ba1cde74,Regular
CO_33912e12-012a-414f-a9ea-c459a1549dac,Regular
CO_34d67513-ea0f-4cbb-8430-5a76d3d5880b,No pork
CO_3770b38a-06c3-472c-858a-3defed57b98b,Regular
CO_392981a1-9553-43a4-9bec-cb987e3f80f9,Regular
CO_3c95fa93-d178-4a57-b8ec-ebdaeeb075cf,Regular
CO_3c9e1f60-13da-4079-b9a0-4b69da81573a,Regular
CO_3cf620c4-3dd5-47c9-b6e0-157df9f9af18,Special
CO_3f2e8114-c5e9-4f90-9321-14320d99f823,Gluten free & Lactose free
CO_3f574fb6-123d-4445-afe1-6a2c43bcf18a,Regular
CO_410cc642-6007-4b78-a49e-3f408fc62d67,Vegetarian/Vegan
CO_486f704a-d58d-4787-a00d-cfbe99a5319f,Regular
CO_491de30c-e5eb-48f6-83cf-3b8b995f3512,Vegetarian/Vegan
CO_4973f916-15ea-4455-9f29-27ebca82b739,Lactose free
CO_4c59f0f7-c872-4887-837e-08e57571561c,Regular
CO_4eb61bac-9cab-4977-b1a3-7aa6248f76ad,No pork
CO_4f350359-d08f-468a-bc8f-4c2ef6bc7bec,Regular
CO_51bf9136-476a-4d97-91ec-74b6cf493b6e,Regular
CO_53af40e4-b2dc-4268-ae31-b316d51f99f6,Regular
CO_56d67c99-aac4-4ef3-ba0f-2d6bbc7d6cfe,Regular
CO_56e5b424-4113-4076-b944-11c961e7aabb,Regular
CO_5f341fd3-2ffb-45ec-ab91-739a67a8836a,Regular
CO_625d0475-21d2-415a-9345-2df8ae632b70,No fish
CO_65eada81-28d3-417d-91dd-cfac95e06e4d,Regular
CO_68535dee-8378-4e5e-87b4-2cdac2ab0006,Regular
CO_70136a98-20e5-4094-8d5f-3209c47451ff,Regular
CO_712bab6e-2864-49ac-8033-9290bf9b7a09,Regular
CO_715a4dab-2d96-4860-97de-269f6ce84f81,Regular
CO_72f04fc4-fbca-451b-b71d-6813544668b8,Regular
CO_72fe7782-0309-42f3-917a-b873c1f6ff68,Regular
CO_78aebb13-1b4a-4206-99b6-625828cd707d,Regular
CO_7bdce837-01fe-4037-ad61-52a686d0207c,Regular
CO_7d372675-e7df-482c-8050-19bd60996702,Regular
CO_7d5ccad4-e3b1-4242-b472-572f4aa6806b,Vegetarian/Vegan
CO_7fbbb88c-7997-48ec-a031-e044066e2c88,Regular
CO_81429bd5-3ec0-4d07-b200-58ac86f2bcff,Vegetarian/Vegan
CO_81fb1ba7-02b2-4e38-962b-e05e42bfd075,Gluten free
CO_84253619-a500-4f27-b75b-457a29cd8569,Regular
CO_84832aaa-5223-4289-b730-991cad59365c,Regular
CO_851dad6a-b93a-4e68-bfe3-124b88386b15,Gluten free & Lactose free
CO_8550165f-d088-4b2c-b677-6baf67270122,Regular
CO_864e4162-0fab-464c-b63d-71f7e3402f6b,Regular
CO_8789228f-0a6f-4da3-8ef2-4debfd00c122,Regular
CO_88311ede-9be8-4754-a86d-276d1be6b4b9,Regular
CO_890b6d1d-fe3d-47d7-95fa-b63a2a6fe63c,Regular
CO_8c092b9e-494e-4b64-8920-4f929726c837,Regular
CO_8ca0086b-cae9-4758-a6fb-adf41a8a4019,Vegetarian/Vegan
CO_8d00af00-478d-480e-9a89-a546779d1553,Regular
CO_8e9887fb-afe7-4775-ae6a-f36121cd3f1f,Regular
CO_8f5413d4-d10e-44c9-8d53-aefc88449a86,Regular
CO_8fe3ea98-ce18-4e2f-8f0f-fbce13dc439c,Regular
CO_91257e9c-5477-451c-afba-1c9440b44581,Regular
CO_927877ff-6963-4db5-9134-550a7d9e315e,No pork
CO_93bd4a4c-dc58-4969-866e-c6defcb9b92d,Regular
CO_94c420ef-836d-428d-a0db-59fc11589f1e,Vegetarian/Vegan
CO_9649d267-68ed-46ff-8431-8d43514f24c8,Regular
CO_98c0dd94-0348-46d1-bb20-76a31fc9f709,Regular
CO_98f0384f-1a88-498a-b3db-40e5f805c73a,Regular
CO_9b8fcd08-e5a2-4bb8-9bf2-cc1c9632ba76,Regular
CO_9b904e1d-9813-4457-9960-5b44ab08de23,Vegetarian/Vegan
CO_9d5387f6-eaed-4ccf-98f4-5a5b48d14088,Regular
CO_9d6d1d59-5a55-40d0-92a5-e19079d84e43,Regular
CO_9dab6846-16ff-496f-a6cd-f5d2004ebfce,Regular
CO_a33c567d-3761-48be-ad73-0398d189309c,Regular
CO_a41f95a7-de69-4747-ba1b-56330b6ba27e,Regular
CO_a43d42bc-1520-4d7f-982f-58d2fcd776c1,Regular
CO_a54ccb2c-8391-4c13-8ed1-4e07a1391f6f,Regular
CO_a726dc6c-5a59-4d2b-a2f0-84517af15937,Regular
CO_a852d6e3-8847-4d8a-a3dc-7551e983043a,Vegetarian/Vegan
CO_a88de1ff-b4b1-4af3-9890-0de9c435c635,Regular
CO_a9040879-5725-450d-b0a4-3d58a8b45c50,Regular
CO_aa3d5e41-439c-40c1-93bd-dfc35db09809,Regular
CO_aba3df6c-3192-497a-8698-f530728172e3,Regular
CO_ae29fce8-2437-45d6-b6c9-c284b27d8009,Regular
CO_af17b42d-f285-4df6-8e3a-6c7c17d8b144,Regular
CO_af466714-8f4d-4428-a1ea-1897d73b2bc9,Lactose free
CO_b28b30a1-dc77-4cee-a82d-7bce296a0442,Regular
CO_b4b9b3e3-4cb2-4c19-b1a6-c1321c0f1fdd,Regular
CO_b7fa7c2b-8ce6-4b76-9554-64ce9967bfba,Regular
CO_b993ce5e-c651-4fd6-93c4-4d79f869747f,Lactose free
CO_beadb062-debd-4f5d-8305-48b2212f2d9a,Regular
CO_c15ce403-c49c-4ff1-981e-5eb4788cb920,Regular
CO_c66f5f52-79c0-4a61-ac16-c6986b16bb10,Regular
CO_c6842714-61a9-46d8-87e6-747ed0531a21,Regular
CO_c970dce3-8f2c-49f3-a23e-63155bd04e8f,Regular
CO_cf7919e2-0944-42e0-a6ed-437c98a02fc1,No pork
CO_d1949c8c-20c3-421a-8bac-b537749b30cb,Regular
CO_d264e434-c799-48ff-9ac5-126d67e93ec4,Regular
CO_db6508d5-0e4e-42ae-b6f3-1501463ef4db,Regular
CO_dbf6a6ab-9756-4178-ac31-b2fd2bca711b,Regular
CO_e1e10712-2289-42ff-81bf-243de8aa28c4,Regular
CO_e2af9890-2f03-4361-aa93-969031ae87d1,Regular
CO_e83e0130-f09c-4572-b3e6-bb340fb5e601,Regular
CO_e96bb827-54e8-460b-b103-542976a8621c,Regular
CO_eab8ff5f-ff32-48b6-9d57-4a63855e0e11,Regular
CO_ef33073d-f072-453c-a9a6-cd30275e546a,Regular
CO_ef84812b-cfdb-442c-8557-b65fea12fd97,Vegetarian/Vegan
CO_f2af5cae-e6a1-4ab1-9ef4-f5732777e7c4,Regular
CO_f32b1117-314d-4528-9c6e-81516ac20df3,Regular
CO_f3be940d-71a2-4775-9888-c8235fea7453,No fish
CO_f4eea92b-9324-46ad-b587-20c0b2c3262b,Regular
CO_facc2bdd-af23-48de-bcf9-6dc65d92cc8e,Regular
CO_fcecf718-4b02-4271-bda6-787c512c3804,Regular
CO_fe7bb784-6998-4d8d-b63a-063c3a4186a9,Regular
CO_ff6313c5-4c8e-47d6-b3d1-b7edd5281a14,Regular
CO_ffa96990-f1f3-49c6-abcc-30f32e632a33,Vegetarian/Vegan
EA_Adela.Smejkalova,No fish (and mushrooms)
EA_alumnipaul,Regular
EA_jeroen,Regular
EA_Martina Bo,Regular
EA_pagoug,Regular
EA_supernick,Regular
CO_289e534f-56a3-436d-beb9-bd26635e38c9,Regular
CO_51b9e4f0-3b81-4e24-a77c-ddca2af6bba5,Regular
CO_fd39950f-7c2f-4e24-ad60-f762ada0b233,Vegetarian/Vegan
CO_0f33e4b2-d4e7-41e0-81df-183204da30f5,Regular
CO_5725effa-535c-41da-8b84-68909774c974,Regular
CO_937739e9-bcf4-4333-8f4b-93e7b3448546,Regular
CO_cabb3ec2-8a5b-4eb1-b24d-90ee6da59e8b,Regular
CO_d3ca89e6-7747-4421-9012-bf767a884fd8,Regular
CO_ff825a58-1ab6-4d4e-ba4d-b13083e2669d,Regular
CO_007a23f9-5a8c-4251-8574-418799889d18,Regular
CO_39295208-af55-4325-bb2f-b8ff500b955b,Regular
CO_f8be59a1-56d4-49be-9bd9-9e5304289cb3,Vegetarian/Vegan
CO_a362c565-a003-45a9-9011-9a02a4de519c,Regular
CO_7563101c-6f62-4c83-84a5-90646b53f8a8,Vegetarian/Vegan
CO_8130ed26-9ca4-4bd4-a143-ce5e2663b228,Regular
CO_6a0c08fd-ec2f-43f8-9eb0-d0df07f5149c,Regular
CO_2dd24266-5671-447b-b3b8-d3fe44c0828b,Regular
CO_dad38637-3540-43f0-b275-6a3bf79d8dc9,Regular
CO_53d7b408-b827-42b8-9345-bff788664313,Gluten free